{
	"id": "94880424-c09e-4779-b93a-85908ef08962",
	"name": "API weather",
	"description": "",
	"auth": null,
	"events": null,
	"variables": [],
	"order": [
		"e68e785c-ebbf-428c-b80b-f5449987cadf",
		"92ce124f-b07f-4bef-9f10-f4b20f6471d0",
		"26f2c50d-2584-4e8c-947d-91174839d56c",
		"d4675df9-b7df-4bfe-a39b-9c4d9a12446b",
		"5c26f5bd-6216-4b90-870d-5db732bcec84",
		"6a466330-1d71-43be-aa0e-a23b2cc3d942",
		"1b528cec-22b8-4faa-bfb6-e8b6fff34014",
		"746ad488-5478-46cf-9adb-2576ea41434e",
		"6663eb5b-acbc-40de-928e-0cad806719e8",
		"46722735-01b4-4ea9-89db-2c7a00369701",
		"1b4c234f-bb57-4bde-8db6-053a76bca5ce",
		"d1b4c96c-aa6a-45ef-be60-9d6eeb06ac2d",
		"c1447f2f-6f1a-4588-9f01-354937b0cbe1",
		"371f022d-0f09-41fd-b4fb-d492dfedeef4",
		"b9c6bfd5-c4a9-4b14-99c6-5f9887e9ca28",
		"14bb0343-aac4-401a-b574-e83ee1848b3b",
		"56ccdd1f-904e-46f6-8f5b-44249239e12e"
	],
	"folders_order": [],
	"folders": [],
	"requests": [
		{
			"id": "14bb0343-aac4-401a-b574-e83ee1848b3b",
			"name": "http://api.openweathermap.org/data/2.5/uvi?appid=ec8e1a4c88997a15ba228fede7299aab&lat=52.400002&lon=12.56667&cnt=8",
			"url": "http://api.openweathermap.org/data/2.5/uvi?appid=ec8e1a4c88997a15ba228fede7299aab&lat=52.400002&lon=12.56667&cnt=8",
			"description": "Call forecast UV data for one location",
			"data": [
				{
					"key": "",
					"value": "",
					"description": "",
					"type": "file",
					"enabled": true
				}
			],
			"dataMode": "params",
			"headerData": [
				{
					"key": "Content-Type",
					"value": "application/json",
					"description": "",
					"enabled": true
				},
				{
					"key": "X-Requested-With",
					"value": "XMLHttpRequest",
					"description": "",
					"enabled": true
				}
			],
			"method": "GET",
			"pathVariableData": [],
			"queryParams": [
				{
					"key": "appid",
					"value": "ec8e1a4c88997a15ba228fede7299aab",
					"equals": true,
					"description": "",
					"enabled": true
				},
				{
					"key": "lat",
					"value": "52.400002",
					"equals": true,
					"description": "",
					"enabled": true
				},
				{
					"key": "lon",
					"value": "12.56667",
					"equals": true,
					"description": "",
					"enabled": true
				},
				{
					"key": "cnt",
					"value": "8",
					"equals": true,
					"description": "",
					"enabled": true
				}
			],
			"auth": {
				"basic": [
					{
						"key": "password",
						"value": "ch3ckers!",
						"type": "string"
					},
					{
						"key": "username",
						"value": "juliazhdan84@gmail.com",
						"type": "string"
					}
				],
				"type": "basic"
			},
			"events": [
				{
					"listen": "test",
					"script": {
						"id": "a8279d8c-d111-4dfd-93d3-1d400cb71536",
						"type": "text/javascript",
						"exec": [
							"pm.test(\"Status code is 200\", function () {",
							"    pm.response.to.have.status(200);",
							"});"
						]
					}
				}
			],
			"folder": null,
			"headers": "Content-Type: application/json\nX-Requested-With: XMLHttpRequest\n",
			"pathVariables": {}
		},
		{
			"id": "1b4c234f-bb57-4bde-8db6-053a76bca5ce",
			"name": "http://api.openweathermap.org/data/2.5/forecast?id=698740&APPID=ec8e1a4c88997a15ba228fede7299aab",
			"url": "http://api.openweathermap.org/data/2.5/forecast?id=698740&APPID=ec8e1a4c88997a15ba228fede7299aab",
			"description": "Call 5 day / 3 hour forecast data _ By City Id",
			"data": [
				{
					"key": "",
					"value": "",
					"description": "",
					"type": "file",
					"enabled": true
				}
			],
			"dataMode": "params",
			"headerData": [
				{
					"key": "Content-Type",
					"value": "application/json",
					"description": "",
					"enabled": true
				},
				{
					"key": "X-Requested-With",
					"value": "XMLHttpRequest",
					"description": "",
					"enabled": true
				}
			],
			"method": "GET",
			"pathVariableData": [],
			"queryParams": [
				{
					"key": "id",
					"value": "698740",
					"equals": true,
					"description": "",
					"enabled": true
				},
				{
					"key": "APPID",
					"value": "ec8e1a4c88997a15ba228fede7299aab",
					"equals": true,
					"description": "",
					"enabled": true
				}
			],
			"auth": {
				"basic": [
					{
						"key": "password",
						"value": "ch3ckers!",
						"type": "string"
					},
					{
						"key": "username",
						"value": "juliazhdan84@gmail.com",
						"type": "string"
					}
				],
				"type": "basic"
			},
			"events": [
				{
					"listen": "test",
					"script": {
						"id": "4e4f6f25-bff7-4c35-a278-d5e57d376c5d",
						"type": "text/javascript",
						"exec": [
							"pm.test(\"Status code is 200\", function () {",
							"    pm.response.to.have.status(200);",
							"});"
						]
					}
				}
			],
			"folder": null,
			"headers": "Content-Type: application/json\nX-Requested-With: XMLHttpRequest\n",
			"pathVariables": {}
		},
		{
			"id": "1b528cec-22b8-4faa-bfb6-e8b6fff34014",
			"name": "https://api.openweathermap.org/data/2.5/find?lat=45,9&lon=13.9&cnt=25&APPID=ec8e1a4c88997a15ba228fede7299aab",
			"url": "https://api.openweathermap.org/data/2.5/find?lat=45,9&lon=13.9&cnt=25&APPID=ec8e1a4c88997a15ba228fede7299aab",
			"description": "Cities in cycle",
			"data": [],
			"dataMode": "raw",
			"headerData": [
				{
					"key": "Content-Type",
					"value": "application/json",
					"description": "",
					"enabled": true
				},
				{
					"key": "X-Requested-With",
					"value": "XMLHttpRequest",
					"description": "",
					"enabled": true
				}
			],
			"method": "GET",
			"pathVariableData": [],
			"queryParams": [
				{
					"key": "lat",
					"value": "45,9",
					"equals": true,
					"description": "",
					"enabled": true
				},
				{
					"key": "lon",
					"value": "13.9",
					"equals": true,
					"description": "",
					"enabled": true
				},
				{
					"key": "cnt",
					"value": "25",
					"equals": true,
					"description": "",
					"enabled": true
				},
				{
					"key": "APPID",
					"value": "ec8e1a4c88997a15ba228fede7299aab",
					"equals": true,
					"description": "",
					"enabled": true
				}
			],
			"auth": {
				"basic": [
					{
						"key": "password",
						"value": "ch3ckers!",
						"type": "string"
					},
					{
						"key": "username",
						"value": "juliazhdan84@gmail.com",
						"type": "string"
					}
				],
				"type": "basic"
			},
			"events": [
				{
					"listen": "test",
					"script": {
						"id": "5e7bbb0a-361f-4ee4-aae6-06ed50fa214c",
						"type": "text/javascript",
						"exec": [
							"pm.test(\"Status code is 200\", function () {",
							"    pm.response.to.have.status(200);",
							"});"
						]
					}
				}
			],
			"folder": null,
			"rawModeData": "{\r\n     \"username\": \"iuliia_zhdan_tp@bmc.com\",\r\n     \"email\": \"iuliia_zhdan_tp@bmc.com\",\r\n     \"firstName\": \"iuliia\",\r\n    \"lastName\": \"zhdan\"\r\n}",
			"headers": "Content-Type: application/json\nX-Requested-With: XMLHttpRequest\n",
			"pathVariables": {}
		},
		{
			"id": "26f2c50d-2584-4e8c-947d-91174839d56c",
			"name": "https://api.openweathermap.org/data/2.5/weather?id=707860&APPID=ec8e1a4c88997a15ba228fede7299aab",
			"url": "https://api.openweathermap.org/data/2.5/weather?id=707860&APPID=ec8e1a4c88997a15ba228fede7299aab",
			"description": "City ID",
			"data": [],
			"dataMode": "raw",
			"headerData": [
				{
					"key": "Content-Type",
					"value": "application/json",
					"description": "",
					"enabled": true
				},
				{
					"key": "X-Requested-With",
					"value": "XMLHttpRequest",
					"description": "",
					"enabled": true
				}
			],
			"method": "GET",
			"pathVariableData": [],
			"queryParams": [
				{
					"key": "id",
					"value": "707860",
					"equals": true,
					"description": "",
					"enabled": true
				},
				{
					"key": "APPID",
					"value": "ec8e1a4c88997a15ba228fede7299aab",
					"equals": true,
					"description": "",
					"enabled": true
				}
			],
			"auth": {
				"basic": [
					{
						"key": "password",
						"value": "ch3ckers!",
						"type": "string"
					},
					{
						"key": "username",
						"value": "juliazhdan84@gmail.com",
						"type": "string"
					}
				],
				"type": "basic"
			},
			"events": [
				{
					"listen": "test",
					"script": {
						"id": "0f3a32e7-f060-458b-97b5-bd10d23a5e4e",
						"type": "text/javascript",
						"exec": [
							"pm.test(\"Status code is 200\", function () {",
							"    pm.response.to.have.status(200);",
							"});"
						]
					}
				}
			],
			"folder": null,
			"rawModeData": "{\r\n     \"username\": \"iuliia_zhdan_tp@bmc.com\",\r\n     \"email\": \"iuliia_zhdan_tp@bmc.com\",\r\n     \"firstName\": \"iuliia\",\r\n    \"lastName\": \"zhdan\"\r\n}",
			"headers": "Content-Type: application/json\nX-Requested-With: XMLHttpRequest\n",
			"pathVariables": {}
		},
		{
			"id": "371f022d-0f09-41fd-b4fb-d492dfedeef4",
			"name": "http://tile.openweathermap.org/map/precipitation_new/10/35/15.png&?appid=ec8e1a4c88997a15ba228fede7299aab",
			"url": "http://tile.openweathermap.org/map/precipitation_new/10/35/15.png&?appid=ec8e1a4c88997a15ba228fede7299aab",
			"description": "Weather map layers _ URL format",
			"data": [
				{
					"key": "",
					"value": "",
					"description": "",
					"type": "file",
					"enabled": true
				}
			],
			"dataMode": "params",
			"headerData": [
				{
					"key": "Content-Type",
					"value": "application/json",
					"description": "",
					"enabled": true
				},
				{
					"key": "X-Requested-With",
					"value": "XMLHttpRequest",
					"description": "",
					"enabled": true
				}
			],
			"method": "GET",
			"pathVariableData": [],
			"queryParams": [
				{
					"key": "appid",
					"value": "ec8e1a4c88997a15ba228fede7299aab",
					"equals": true,
					"description": "",
					"enabled": true
				}
			],
			"auth": {
				"basic": [
					{
						"key": "password",
						"value": "ch3ckers!",
						"type": "string"
					},
					{
						"key": "username",
						"value": "juliazhdan84@gmail.com",
						"type": "string"
					}
				],
				"type": "basic"
			},
			"events": [
				{
					"listen": "test",
					"script": {
						"id": "b4ad54f0-41eb-442c-a3f9-b1a027a5f6a6",
						"type": "text/javascript",
						"exec": [
							"pm.test(\"Status code is 200\", function () {",
							"    pm.response.to.have.status(200);",
							"});"
						]
					}
				}
			],
			"folder": null,
			"headers": "Content-Type: application/json\nX-Requested-With: XMLHttpRequest\n",
			"pathVariables": {}
		},
		{
			"id": "46722735-01b4-4ea9-89db-2c7a00369701",
			"name": "http://api.openweathermap.org/data/2.5/forecast?q=Odessa,ua&APPID=ec8e1a4c88997a15ba228fede7299aab",
			"url": "http://api.openweathermap.org/data/2.5/forecast?q=Odessa,ua&APPID=ec8e1a4c88997a15ba228fede7299aab",
			"description": "Call 5 day / 3 hour forecast data _ By city name",
			"data": [
				{
					"key": "",
					"value": "",
					"description": "",
					"type": "file",
					"enabled": true
				}
			],
			"dataMode": "params",
			"headerData": [
				{
					"key": "Content-Type",
					"value": "application/json",
					"description": "",
					"enabled": true
				},
				{
					"key": "X-Requested-With",
					"value": "XMLHttpRequest",
					"description": "",
					"enabled": true
				}
			],
			"method": "GET",
			"pathVariableData": [],
			"queryParams": [
				{
					"key": "q",
					"value": "Odessa,ua",
					"equals": true,
					"description": "",
					"enabled": true
				},
				{
					"key": "APPID",
					"value": "ec8e1a4c88997a15ba228fede7299aab",
					"equals": true,
					"description": "",
					"enabled": true
				}
			],
			"auth": {
				"basic": [
					{
						"key": "password",
						"value": "ch3ckers!",
						"type": "string"
					},
					{
						"key": "username",
						"value": "juliazhdan84@gmail.com",
						"type": "string"
					}
				],
				"type": "basic"
			},
			"events": [
				{
					"listen": "test",
					"script": {
						"id": "146af9f7-2f6c-429a-af3a-278648d2bbdd",
						"type": "text/javascript",
						"exec": [
							"pm.test(\"Status code is 200\", function () {",
							"    pm.response.to.have.status(200);",
							"});"
						]
					}
				}
			],
			"folder": null,
			"headers": "Content-Type: application/json\nX-Requested-With: XMLHttpRequest\n",
			"pathVariables": {}
		},
		{
			"id": "56ccdd1f-904e-46f6-8f5b-44249239e12e",
			"name": "http://api.openweathermap.org/data/2.5/uvi?appid=ec8e1a4c88997a15ba228fede7299aab&lat=52.400002&lon=12.56667&cnt=8&start=1046660583&end=1081051444",
			"url": "http://api.openweathermap.org/data/2.5/uvi?appid=ec8e1a4c88997a15ba228fede7299aab&lat=52.400002&lon=12.56667&cnt=8&start=1046660583&end=1081051444",
			"description": "Call historical UV data for one location",
			"data": [
				{
					"key": "",
					"value": "",
					"description": "",
					"type": "file",
					"enabled": true
				}
			],
			"dataMode": "params",
			"headerData": [
				{
					"key": "Content-Type",
					"value": "application/json",
					"description": "",
					"enabled": true
				},
				{
					"key": "X-Requested-With",
					"value": "XMLHttpRequest",
					"description": "",
					"enabled": true
				}
			],
			"method": "GET",
			"pathVariableData": [],
			"queryParams": [
				{
					"key": "appid",
					"value": "ec8e1a4c88997a15ba228fede7299aab",
					"equals": true,
					"description": "",
					"enabled": true
				},
				{
					"key": "lat",
					"value": "52.400002",
					"equals": true,
					"description": "",
					"enabled": true
				},
				{
					"key": "lon",
					"value": "12.56667",
					"equals": true,
					"description": "",
					"enabled": true
				},
				{
					"key": "cnt",
					"value": "8",
					"equals": true,
					"description": "",
					"enabled": true
				},
				{
					"key": "start",
					"value": "1046660583",
					"equals": true,
					"description": "",
					"enabled": true
				},
				{
					"key": "end",
					"value": "1081051444",
					"equals": true,
					"description": "",
					"enabled": true
				}
			],
			"auth": {
				"basic": [
					{
						"key": "password",
						"value": "ch3ckers!",
						"type": "string"
					},
					{
						"key": "username",
						"value": "juliazhdan84@gmail.com",
						"type": "string"
					}
				],
				"type": "basic"
			},
			"events": [
				{
					"listen": "test",
					"script": {
						"id": "b52fb7ae-9a6a-4f6b-bf76-4d180f086495",
						"type": "text/javascript",
						"exec": [
							"pm.test(\"Status code is 200\", function () {",
							"    pm.response.to.have.status(200);",
							"});"
						]
					}
				}
			],
			"folder": null,
			"headers": "Content-Type: application/json\nX-Requested-With: XMLHttpRequest\n",
			"pathVariables": {}
		},
		{
			"id": "5c26f5bd-6216-4b90-870d-5db732bcec84",
			"name": "https://api.openweathermap.org/data/2.5/weather?zip=10020,us&APPID=ec8e1a4c88997a15ba228fede7299aab",
			"url": "https://api.openweathermap.org/data/2.5/weather?zip=10020,us&APPID=ec8e1a4c88997a15ba228fede7299aab",
			"description": "By ZIP code",
			"data": [],
			"dataMode": "raw",
			"headerData": [
				{
					"key": "Content-Type",
					"value": "application/json",
					"description": "",
					"enabled": true
				},
				{
					"key": "X-Requested-With",
					"value": "XMLHttpRequest",
					"description": "",
					"enabled": true
				}
			],
			"method": "GET",
			"pathVariableData": [],
			"queryParams": [
				{
					"key": "zip",
					"value": "10020,us",
					"equals": true,
					"description": "",
					"enabled": true
				},
				{
					"key": "APPID",
					"value": "ec8e1a4c88997a15ba228fede7299aab",
					"equals": true,
					"description": "",
					"enabled": true
				}
			],
			"auth": {
				"basic": [
					{
						"key": "password",
						"value": "ch3ckers!",
						"type": "string"
					},
					{
						"key": "username",
						"value": "juliazhdan84@gmail.com",
						"type": "string"
					}
				],
				"type": "basic"
			},
			"events": [
				{
					"listen": "test",
					"script": {
						"id": "1f745cbf-e6a9-4a64-9a6b-88d4eb175639",
						"type": "text/javascript",
						"exec": [
							"pm.test(\"Status code is 200\", function () {",
							"    pm.response.to.have.status(200);",
							"});"
						]
					}
				}
			],
			"folder": null,
			"rawModeData": "{\r\n     \"username\": \"iuliia_zhdan_tp@bmc.com\",\r\n     \"email\": \"iuliia_zhdan_tp@bmc.com\",\r\n     \"firstName\": \"iuliia\",\r\n    \"lastName\": \"zhdan\"\r\n}",
			"headers": "Content-Type: application/json\nX-Requested-With: XMLHttpRequest\n",
			"pathVariables": {}
		},
		{
			"id": "6663eb5b-acbc-40de-928e-0cad806719e8",
			"name": "https://api.openweathermap.org/data/2.5/group?id=596826,727762,6460975,2613357,2613685,2610888,2750888,2623621,2612594,2618070,2622198,2615199,2624596,2620274,670942,6845986,696416,6811761,3076348,1704628,2864071&units=metric&APPID=ec8e1a4c88997a15ba228fede7299aab",
			"url": "https://api.openweathermap.org/data/2.5/group?id=596826,727762,6460975,2613357,2613685,2610888,2750888,2623621,2612594,2618070,2622198,2615199,2624596,2620274,670942,6845986,696416,6811761,3076348,1704628,2864071&units=metric&APPID=ec8e1a4c88997a15ba228fede7299aab",
			"description": "By cities IDs (More than 20 IDs)",
			"data": [],
			"dataMode": "raw",
			"headerData": [
				{
					"key": "Content-Type",
					"value": "application/json",
					"description": "",
					"enabled": true
				},
				{
					"key": "X-Requested-With",
					"value": "XMLHttpRequest",
					"description": "",
					"enabled": true
				}
			],
			"method": "GET",
			"pathVariableData": [],
			"queryParams": [
				{
					"key": "id",
					"value": "596826,727762,6460975,2613357,2613685,2610888,2750888,2623621,2612594,2618070,2622198,2615199,2624596,2620274,670942,6845986,696416,6811761,3076348,1704628,2864071",
					"equals": true,
					"description": "",
					"enabled": true
				},
				{
					"key": "units",
					"value": "metric",
					"equals": true,
					"description": "",
					"enabled": true
				},
				{
					"key": "APPID",
					"value": "ec8e1a4c88997a15ba228fede7299aab",
					"equals": true,
					"description": "",
					"enabled": true
				}
			],
			"auth": {
				"basic": [
					{
						"key": "password",
						"value": "ch3ckers!",
						"type": "string"
					},
					{
						"key": "username",
						"value": "juliazhdan84@gmail.com",
						"type": "string"
					}
				],
				"type": "basic"
			},
			"events": [
				{
					"listen": "test",
					"script": {
						"id": "9192a5c0-5cff-4470-b85c-956434a1e078",
						"type": "text/javascript",
						"exec": [
							"pm.test(\"Status code is 200\", function () {",
							"    pm.response.to.have.status(200);",
							"});"
						]
					}
				}
			],
			"folder": null,
			"rawModeData": "{\r\n     \"username\": \"iuliia_zhdan_tp@bmc.com\",\r\n     \"email\": \"iuliia_zhdan_tp@bmc.com\",\r\n     \"firstName\": \"iuliia\",\r\n    \"lastName\": \"zhdan\"\r\n}",
			"headers": "Content-Type: application/json\nX-Requested-With: XMLHttpRequest\n",
			"pathVariables": {}
		},
		{
			"id": "6a466330-1d71-43be-aa0e-a23b2cc3d942",
			"name": "https://api.openweathermap.org/data/2.5/box/city?bbox=12,31.386209,-85.484657,-137,10&APPID=ec8e1a4c88997a15ba228fede7299aab",
			"url": "https://api.openweathermap.org/data/2.5/box/city?bbox=12,31.386209,-85.484657,-137,10&APPID=ec8e1a4c88997a15ba228fede7299aab",
			"description": "Cities within a rectangle zone",
			"data": [],
			"dataMode": "raw",
			"headerData": [
				{
					"key": "Content-Type",
					"value": "application/json",
					"description": "",
					"enabled": true
				},
				{
					"key": "X-Requested-With",
					"value": "XMLHttpRequest",
					"description": "",
					"enabled": true
				}
			],
			"method": "GET",
			"pathVariableData": [],
			"queryParams": [
				{
					"key": "bbox",
					"value": "12,31.386209,-85.484657,-137,10",
					"equals": true,
					"description": "",
					"enabled": true
				},
				{
					"key": "APPID",
					"value": "ec8e1a4c88997a15ba228fede7299aab",
					"equals": true,
					"description": "",
					"enabled": true
				}
			],
			"auth": {
				"basic": [
					{
						"key": "password",
						"value": "ch3ckers!",
						"type": "string"
					},
					{
						"key": "username",
						"value": "juliazhdan84@gmail.com",
						"type": "string"
					}
				],
				"type": "basic"
			},
			"events": [
				{
					"listen": "test",
					"script": {
						"id": "1aaf428a-c021-46ab-a65f-31bd3eb65e39",
						"type": "text/javascript",
						"exec": [
							"pm.test(\"Status code is 200\", function () {",
							"    pm.response.to.have.status(200);",
							"});"
						]
					}
				}
			],
			"folder": null,
			"rawModeData": "{\r\n     \"username\": \"iuliia_zhdan_tp@bmc.com\",\r\n     \"email\": \"iuliia_zhdan_tp@bmc.com\",\r\n     \"firstName\": \"iuliia\",\r\n    \"lastName\": \"zhdan\"\r\n}",
			"headers": "Content-Type: application/json\nX-Requested-With: XMLHttpRequest\n",
			"pathVariables": {}
		},
		{
			"id": "746ad488-5478-46cf-9adb-2576ea41434e",
			"name": "https://api.openweathermap.org/data/2.5/group?id=596826,727762,6460975,2613357,2613685&units=metric&APPID=ec8e1a4c88997a15ba228fede7299aab",
			"url": "https://api.openweathermap.org/data/2.5/group?id=596826,727762,6460975,2613357,2613685&units=metric&APPID=ec8e1a4c88997a15ba228fede7299aab",
			"description": "Call for several city IDs (less than 20 IDs)",
			"data": [],
			"dataMode": "raw",
			"headerData": [
				{
					"key": "Content-Type",
					"value": "application/json",
					"description": "",
					"enabled": true
				},
				{
					"key": "X-Requested-With",
					"value": "XMLHttpRequest",
					"description": "",
					"enabled": true
				}
			],
			"method": "GET",
			"pathVariableData": [],
			"queryParams": [
				{
					"key": "id",
					"value": "596826,727762,6460975,2613357,2613685",
					"equals": true,
					"description": "",
					"enabled": true
				},
				{
					"key": "units",
					"value": "metric",
					"equals": true,
					"description": "",
					"enabled": true
				},
				{
					"key": "APPID",
					"value": "ec8e1a4c88997a15ba228fede7299aab",
					"equals": true,
					"description": "",
					"enabled": true
				}
			],
			"auth": {
				"basic": [
					{
						"key": "password",
						"value": "ch3ckers!",
						"type": "string"
					},
					{
						"key": "username",
						"value": "juliazhdan84@gmail.com",
						"type": "string"
					}
				],
				"type": "basic"
			},
			"events": [
				{
					"listen": "test",
					"script": {
						"id": "9a8d6636-1d7d-47b0-96ba-9fc99999a7e9",
						"type": "text/javascript",
						"exec": [
							"pm.test(\"Status code is 200\", function () {",
							"    pm.response.to.have.status(200);",
							"});"
						]
					}
				}
			],
			"folder": null,
			"rawModeData": "{\r\n     \"username\": \"iuliia_zhdan_tp@bmc.com\",\r\n     \"email\": \"iuliia_zhdan_tp@bmc.com\",\r\n     \"firstName\": \"iuliia\",\r\n    \"lastName\": \"zhdan\"\r\n}",
			"headers": "Content-Type: application/json\nX-Requested-With: XMLHttpRequest\n",
			"pathVariables": {}
		},
		{
			"id": "92ce124f-b07f-4bef-9f10-f4b20f6471d0",
			"name": "https://api.openweathermap.org/data/2.5/weather?q=Lviv,ua&APPID=ec8e1a4c88997a15ba228fede7299aab",
			"url": "https://api.openweathermap.org/data/2.5/weather?q=Lviv,ua&APPID=ec8e1a4c88997a15ba228fede7299aab",
			"description": "Call current weather data for one location  - By city name + country",
			"data": [],
			"dataMode": "raw",
			"headerData": [
				{
					"key": "Content-Type",
					"value": "application/json",
					"description": "",
					"enabled": true
				},
				{
					"key": "X-Requested-With",
					"value": "XMLHttpRequest",
					"description": "",
					"enabled": true
				}
			],
			"method": "GET",
			"pathVariableData": [],
			"queryParams": [
				{
					"key": "q",
					"value": "Lviv,ua",
					"equals": true,
					"description": "",
					"enabled": true
				},
				{
					"key": "APPID",
					"value": "ec8e1a4c88997a15ba228fede7299aab",
					"equals": true,
					"description": "",
					"enabled": true
				}
			],
			"auth": {
				"basic": [
					{
						"key": "password",
						"value": "ch3ckers!",
						"type": "string"
					},
					{
						"key": "username",
						"value": "juliazhdan84@gmail.com",
						"type": "string"
					}
				],
				"type": "basic"
			},
			"events": [
				{
					"listen": "test",
					"script": {
						"id": "882726f8-86cb-4c98-8d8a-a233990fc797",
						"type": "text/javascript",
						"exec": [
							"pm.test(\"Status code is 200\", function () {",
							"    pm.response.to.have.status(200);",
							"});"
						]
					}
				}
			],
			"folder": null,
			"rawModeData": "{\r\n     \"username\": \"iuliia_zhdan_tp@bmc.com\",\r\n     \"email\": \"iuliia_zhdan_tp@bmc.com\",\r\n     \"firstName\": \"iuliia\",\r\n    \"lastName\": \"zhdan\"\r\n}",
			"headers": "Content-Type: application/json\nX-Requested-With: XMLHttpRequest\n",
			"pathVariables": {}
		},
		{
			"id": "b9c6bfd5-c4a9-4b14-99c6-5f9887e9ca28",
			"name": "http://api.openweathermap.org/data/2.5/uvi?appid=ec8e1a4c88997a15ba228fede7299aab&lat=52.400002&lon=12.56667",
			"url": "http://api.openweathermap.org/data/2.5/uvi?appid=ec8e1a4c88997a15ba228fede7299aab&lat=52.400002&lon=12.56667",
			"description": "Call current UV data for one location _ By geographic coordinates",
			"data": [
				{
					"key": "",
					"value": "",
					"description": "",
					"type": "file",
					"enabled": true
				}
			],
			"dataMode": "params",
			"headerData": [
				{
					"key": "Content-Type",
					"value": "application/json",
					"description": "",
					"enabled": true
				},
				{
					"key": "X-Requested-With",
					"value": "XMLHttpRequest",
					"description": "",
					"enabled": true
				}
			],
			"method": "GET",
			"pathVariableData": [],
			"queryParams": [
				{
					"key": "appid",
					"value": "ec8e1a4c88997a15ba228fede7299aab",
					"equals": true,
					"description": "",
					"enabled": true
				},
				{
					"key": "lat",
					"value": "52.400002",
					"equals": true,
					"description": "",
					"enabled": true
				},
				{
					"key": "lon",
					"value": "12.56667",
					"equals": true,
					"description": "",
					"enabled": true
				}
			],
			"auth": {
				"basic": [
					{
						"key": "password",
						"value": "ch3ckers!",
						"type": "string"
					},
					{
						"key": "username",
						"value": "juliazhdan84@gmail.com",
						"type": "string"
					}
				],
				"type": "basic"
			},
			"events": [
				{
					"listen": "test",
					"script": {
						"id": "4bcb3ac2-8319-4db1-a8d8-201ad6f54885",
						"type": "text/javascript",
						"exec": [
							"pm.test(\"Status code is 200\", function () {",
							"    pm.response.to.have.status(200);",
							"});"
						]
					}
				}
			],
			"folder": null,
			"headers": "Content-Type: application/json\nX-Requested-With: XMLHttpRequest\n",
			"pathVariables": {}
		},
		{
			"id": "c1447f2f-6f1a-4588-9f01-354937b0cbe1",
			"name": "http://api.openweathermap.org/data/2.5/forecast?zip=10022,us&APPID=ec8e1a4c88997a15ba228fede7299aab",
			"url": "http://api.openweathermap.org/data/2.5/forecast?zip=10022,us&APPID=ec8e1a4c88997a15ba228fede7299aab",
			"description": "Call 5 day / 3 hour forecast data _ By Zip code",
			"data": [
				{
					"key": "",
					"value": "",
					"description": "",
					"type": "file",
					"enabled": true
				}
			],
			"dataMode": "params",
			"headerData": [
				{
					"key": "Content-Type",
					"value": "application/json",
					"description": "",
					"enabled": true
				},
				{
					"key": "X-Requested-With",
					"value": "XMLHttpRequest",
					"description": "",
					"enabled": true
				}
			],
			"method": "GET",
			"pathVariableData": [],
			"queryParams": [
				{
					"key": "zip",
					"value": "10022,us",
					"equals": true,
					"description": "",
					"enabled": true
				},
				{
					"key": "APPID",
					"value": "ec8e1a4c88997a15ba228fede7299aab",
					"equals": true,
					"description": "",
					"enabled": true
				}
			],
			"auth": {
				"basic": [
					{
						"key": "password",
						"value": "ch3ckers!",
						"type": "string"
					},
					{
						"key": "username",
						"value": "juliazhdan84@gmail.com",
						"type": "string"
					}
				],
				"type": "basic"
			},
			"events": [
				{
					"listen": "test",
					"script": {
						"id": "d50ec1f6-71c0-4457-bd71-68c9ab1bb249",
						"type": "text/javascript",
						"exec": [
							"pm.test(\"Status code is 200\", function () {",
							"    pm.response.to.have.status(200);",
							"});"
						]
					}
				}
			],
			"folder": null,
			"headers": "Content-Type: application/json\nX-Requested-With: XMLHttpRequest\n",
			"pathVariables": {}
		},
		{
			"id": "d1b4c96c-aa6a-45ef-be60-9d6eeb06ac2d",
			"name": "http://api.openweathermap.org/data/2.5/forecast?lat=15.1917&lon=120.585098&APPID=ec8e1a4c88997a15ba228fede7299aab",
			"url": "http://api.openweathermap.org/data/2.5/forecast?lat=15.1917&lon=120.585098&APPID=ec8e1a4c88997a15ba228fede7299aab",
			"description": "Call 5 day / 3 hour forecast data _ by geographic coordinates",
			"data": [
				{
					"key": "",
					"value": "",
					"description": "",
					"type": "file",
					"enabled": true
				}
			],
			"dataMode": "params",
			"headerData": [
				{
					"key": "Content-Type",
					"value": "application/json",
					"description": "",
					"enabled": true
				},
				{
					"key": "X-Requested-With",
					"value": "XMLHttpRequest",
					"description": "",
					"enabled": true
				}
			],
			"method": "GET",
			"pathVariableData": [],
			"queryParams": [
				{
					"key": "lat",
					"value": "15.1917",
					"equals": true,
					"description": "",
					"enabled": true
				},
				{
					"key": "lon",
					"value": "120.585098",
					"equals": true,
					"description": "",
					"enabled": true
				},
				{
					"key": "APPID",
					"value": "ec8e1a4c88997a15ba228fede7299aab",
					"equals": true,
					"description": "",
					"enabled": true
				}
			],
			"auth": {
				"basic": [
					{
						"key": "password",
						"value": "ch3ckers!",
						"type": "string"
					},
					{
						"key": "username",
						"value": "juliazhdan84@gmail.com",
						"type": "string"
					}
				],
				"type": "basic"
			},
			"events": [
				{
					"listen": "test",
					"script": {
						"id": "fd9b820b-6857-4919-88e0-2f753c324a67",
						"type": "text/javascript",
						"exec": [
							"pm.test(\"Status code is 200\", function () {",
							"    pm.response.to.have.status(200);",
							"});"
						]
					}
				}
			],
			"folder": null,
			"headers": "Content-Type: application/json\nX-Requested-With: XMLHttpRequest\n",
			"pathVariables": {}
		},
		{
			"id": "d4675df9-b7df-4bfe-a39b-9c4d9a12446b",
			"name": "https://api.openweathermap.org/data/2.5/weather?lat=44.549999&lon=34.283333&APPID=ec8e1a4c88997a15ba228fede7299aab",
			"url": "https://api.openweathermap.org/data/2.5/weather?lat=44.549999&lon=34.283333&APPID=ec8e1a4c88997a15ba228fede7299aab",
			"description": "By geographic coordinates (lat, lon)",
			"data": [],
			"dataMode": "raw",
			"headerData": [
				{
					"key": "Content-Type",
					"value": "application/json",
					"description": "",
					"enabled": true
				},
				{
					"key": "X-Requested-With",
					"value": "XMLHttpRequest",
					"description": "",
					"enabled": true
				}
			],
			"method": "GET",
			"pathVariableData": [],
			"queryParams": [
				{
					"key": "lat",
					"value": "44.549999",
					"equals": true,
					"description": "",
					"enabled": true
				},
				{
					"key": "lon",
					"value": "34.283333",
					"equals": true,
					"description": "",
					"enabled": true
				},
				{
					"key": "APPID",
					"value": "ec8e1a4c88997a15ba228fede7299aab",
					"equals": true,
					"description": "",
					"enabled": true
				}
			],
			"auth": {
				"basic": [
					{
						"key": "password",
						"value": "ch3ckers!",
						"type": "string"
					},
					{
						"key": "username",
						"value": "juliazhdan84@gmail.com",
						"type": "string"
					}
				],
				"type": "basic"
			},
			"events": [
				{
					"listen": "test",
					"script": {
						"id": "aa824b24-ed47-4ecc-82f5-e5836d0749c3",
						"type": "text/javascript",
						"exec": [
							"pm.test(\"Status code is 200\", function () {",
							"    pm.response.to.have.status(200);",
							"});"
						]
					}
				}
			],
			"folder": null,
			"rawModeData": "{\r\n     \"username\": \"iuliia_zhdan_tp@bmc.com\",\r\n     \"email\": \"iuliia_zhdan_tp@bmc.com\",\r\n     \"firstName\": \"iuliia\",\r\n    \"lastName\": \"zhdan\"\r\n}",
			"headers": "Content-Type: application/json\nX-Requested-With: XMLHttpRequest\n",
			"pathVariables": {}
		},
		{
			"id": "e68e785c-ebbf-428c-b80b-f5449987cadf",
			"name": "https://api.openweathermap.org/data/2.5/weather?q=Lviv&APPID=ec8e1a4c88997a15ba228fede7299aab",
			"url": "https://api.openweathermap.org/data/2.5/weather?q=Lviv&APPID=ec8e1a4c88997a15ba228fede7299aab",
			"description": "Call current weather data for one location - By city name\r\n",
			"data": [],
			"dataMode": "raw",
			"headerData": [
				{
					"key": "Content-Type",
					"value": "application/json",
					"description": "",
					"enabled": true
				},
				{
					"key": "X-Requested-With",
					"value": "XMLHttpRequest",
					"description": "",
					"enabled": true
				}
			],
			"method": "GET",
			"pathVariableData": [],
			"queryParams": [
				{
					"key": "q",
					"value": "Lviv",
					"equals": true,
					"description": "",
					"enabled": true
				},
				{
					"key": "APPID",
					"value": "ec8e1a4c88997a15ba228fede7299aab",
					"equals": true,
					"description": "",
					"enabled": true
				}
			],
			"auth": {
				"basic": [
					{
						"key": "password",
						"value": "ch3ckers!",
						"type": "string"
					},
					{
						"key": "username",
						"value": "juliazhdan84@gmail.com",
						"type": "string"
					}
				],
				"type": "basic"
			},
			"events": [
				{
					"listen": "test",
					"script": {
						"id": "6794dbc5-3b9a-4220-a125-6a68caa27d2c",
						"type": "text/javascript",
						"exec": [
							"pm.test(\"Status code is 200\", function () {",
							"    pm.response.to.have.status(200);",
							"});"
						]
					}
				}
			],
			"folder": null,
			"rawModeData": "{\r\n     \"username\": \"iuliia_zhdan_tp@bmc.com\",\r\n     \"email\": \"iuliia_zhdan_tp@bmc.com\",\r\n     \"firstName\": \"iuliia\",\r\n    \"lastName\": \"zhdan\"\r\n}",
			"headers": "Content-Type: application/json\nX-Requested-With: XMLHttpRequest\n",
			"pathVariables": {}
		}
	]
}